nome,email,senha,data_criacao
Julia Santos,julia692@example.com,EbqhwIm78s,2023-10-17 02:37:45.427295
Maria Almeida,maria052@example.com,1iNbleGppB,2022-07-31 02:37:45.427295
Lucas Lima,lucas281@example.com,4Q8e1d9yym,2024-09-08 02:37:45.427295
Ana Silva,ana243@example.com,hC2K7QXY8U,2024-05-28 02:37:45.427295
Maria Ferreira,maria843@example.com,FoYhNXDS7i,2022-09-08 02:37:45.427295
Lucas Lima,lucas115@example.com,hpCV5LBP2b,2022-07-07 02:37:45.427295
Julia Souza,julia526@example.com,RJ431nzaY3,2023-10-13 02:37:45.427295
Gabriel Lima,gabriel774@example.com,reXAUNvOaN,2022-08-21 02:37:45.427295
Clara Santos,clara359@example.com,av6gV0A7LV,2024-08-01 02:37:45.427295
Rafael Silva,rafael192@example.com,8QYKlREfyz,2023-02-04 02:37:45.427295
Maria Souza,maria802@example.com,XBLGp3mLHU,2024-04-02 02:37:45.427295
Lucas Oliveira,lucas486@example.com,g6heqNksnG,2023-06-02 02:37:45.427295
Pedro Souza,pedro093@example.com,Z0wHquXpEI,2023-05-15 02:37:45.427295
Gabriel Santos,gabriel578@example.com,0XvpI0S4qf,2024-12-09 02:37:45.427295
Julia Pereira,julia379@example.com,XWNJytMrXB,2023-04-14 02:37:45.427295
Clara Oliveira,clara535@example.com,8UC0Vd8uYF,2022-12-23 02:37:45.427295
Pedro Souza,pedro199@example.com,TgGUVPw30V,2022-10-16 02:37:45.427295
Lucas Costa,lucas685@example.com,WfX6FwU5tK,2023-11-11 02:37:45.427295
Ana Ferreira,ana278@example.com,2XpWfZc251,2023-01-16 02:37:45.427295
Rafael Silva,rafael549@example.com,b7xYX2LuKJ,2022-04-23 02:37:45.427295
Sophia Santos,sophia270@example.com,85Z4OmVx30,2022-12-30 02:37:45.427295
Clara Ferreira,clara269@example.com,ssoRZm1Fqd,2024-04-07 02:37:45.427295
Rafael Silva,rafael589@example.com,F9fLQNV0Cz,2024-01-06 02:37:45.427295
Clara Ferreira,clara401@example.com,33RyfrjNCl,2022-05-26 02:37:45.427295
João Oliveira,joão949@example.com,WxgctHoOMv,2022-10-04 02:37:45.427295
João Oliveira,joão736@example.com,G7xQcfAp1Q,2022-06-02 02:37:45.427295
João Lima,joão013@example.com,kCUDk3a2ua,2024-10-21 02:37:45.427295
Lucas Carvalho,lucas391@example.com,jyQpLBsOY2,2022-09-10 02:37:45.427295
Rafael Costa,rafael807@example.com,eAoaPip6zY,2022-06-25 02:37:45.427295
Lucas Pereira,lucas595@example.com,6jSDiFybVK,2023-03-23 02:37:45.427295
Clara Costa,clara984@example.com,qLCc8LIYfZ,2024-05-09 02:37:45.427295
Lucas Almeida,lucas485@example.com,CyEdeAwBSN,2023-01-06 02:37:45.427295
Pedro Santos,pedro923@example.com,Yufmfd4hDb,2024-10-01 02:37:45.427295
Gabriel Pereira,gabriel022@example.com,SKlgWeTrA6,2022-09-10 02:37:45.427295
Maria Souza,maria089@example.com,4nm8aRD6nP,2023-02-02 02:37:45.427295
Pedro Pereira,pedro901@example.com,i6MSnfWKwr,2022-10-09 02:37:45.427295
Pedro Silva,pedro705@example.com,Id1pyJKYkF,2024-07-14 02:37:45.427295
Clara Costa,clara353@example.com,2RvekaX4Eq,2023-09-02 02:37:45.427295
Pedro Silva,pedro947@example.com,yIBL8Xlcdn,2024-08-02 02:37:45.427295
Ana Lima,ana111@example.com,y3yUgn9ZWU,2022-09-05 02:37:45.427295
Rafael Oliveira,rafael575@example.com,mM5cWX2DKN,2023-06-12 02:37:45.427295
Gabriel Silva,gabriel983@example.com,TZPEC24WMG,2022-10-12 02:37:45.427295
Sophia Santos,sophia251@example.com,qcTfUnSFvE,2024-09-23 02:37:45.427295
Sophia Carvalho,sophia986@example.com,oJy67TRbev,2024-06-13 02:37:45.427295
João Pereira,joão529@example.com,UoKsO972MP,2023-06-09 02:37:45.427295
Gabriel Costa,gabriel886@example.com,kLSMpRV027,2023-02-18 02:37:45.427295
Pedro Pereira,pedro369@example.com,Tw7dm2c035,2022-10-19 02:37:45.427295
Sophia Ferreira,sophia316@example.com,AXjqolu0rI,2023-11-03 02:37:45.427295
Gabriel Souza,gabriel705@example.com,6wGqYz9wfZ,2023-11-14 02:37:45.428337
Ana Costa,ana691@example.com,7DdcLsfgO7,2024-06-06 02:37:45.428337
Ana Carvalho,ana666@example.com,8uaDfAXMO7,2023-05-06 02:37:45.428337
Julia Pereira,julia851@example.com,hlMeLk2gf1,2024-04-16 02:37:45.428337
Lucas Santos,lucas587@example.com,cnfQ9R0GXZ,2023-12-31 02:37:45.428337
Gabriel Souza,gabriel249@example.com,feB3fymlEu,2023-02-17 02:37:45.428337
Lucas Costa,lucas196@example.com,bpS3x9XsH4,2023-06-06 02:37:45.428337
Rafael Almeida,rafael845@example.com,L9SLeDKigP,2023-03-26 02:37:45.428337
Pedro Oliveira,pedro375@example.com,R9Art500Bc,2024-01-02 02:37:45.428337
Gabriel Silva,gabriel334@example.com,RbVIzrasFw,2023-03-06 02:37:45.428337
Pedro Almeida,pedro729@example.com,9dcsOORdyg,2023-01-29 02:37:45.428337
Clara Oliveira,clara239@example.com,GRjDEKwvF5,2023-06-09 02:37:45.428337
Julia Lima,julia506@example.com,eT5aIEUEJu,2022-06-10 02:37:45.428337
Julia Carvalho,julia531@example.com,LIZZRTAP7I,2022-10-07 02:37:45.428337
João Almeida,joão661@example.com,FiL8OPQnAv,2022-05-31 02:37:45.428337
Rafael Costa,rafael499@example.com,Now4pXcrgt,2024-07-07 02:37:45.428337
Rafael Almeida,rafael644@example.com,XvCHzRZ9df,2022-12-18 02:37:45.428337
Pedro Ferreira,pedro360@example.com,YsXAA9d8Yx,2022-06-10 02:37:45.428337
Lucas Almeida,lucas008@example.com,HPXX9JeZqA,2024-02-17 02:37:45.428337
Julia Souza,julia668@example.com,UTZHPcSIYR,2022-05-30 02:37:45.428337
Gabriel Carvalho,gabriel401@example.com,TLgtZ72RYK,2023-08-15 02:37:45.428337
Rafael Santos,rafael875@example.com,ZXVDARuBRs,2022-11-26 02:37:45.428337
Sophia Lima,sophia438@example.com,XR85gMynyl,2022-06-19 02:37:45.428337
Rafael Costa,rafael281@example.com,FdqVWWrcMM,2023-10-01 02:37:45.428337
João Silva,joão993@example.com,TZX5BAKsCi,2023-11-25 02:37:45.428337
Sophia Santos,sophia839@example.com,EFqyMjxnOu,2024-10-03 02:37:45.428337
Rafael Santos,rafael497@example.com,MfuFx5jD9k,2022-05-16 02:37:45.428337
Julia Souza,julia733@example.com,F5LrxEjmE7,2024-05-28 02:37:45.428337
Maria Carvalho,maria984@example.com,gwLEttamkV,2023-04-18 02:37:45.428337
Pedro Almeida,pedro516@example.com,7hJImLc0Fp,2023-11-06 02:37:45.428337
Lucas Souza,lucas793@example.com,0hmUVMDa5S,2024-06-05 02:37:45.428337
Maria Pereira,maria100@example.com,yExoKPqtry,2022-04-19 02:37:45.428337
Clara Carvalho,clara154@example.com,6MvBBhOTeb,2024-02-21 02:37:45.428337
Lucas Costa,lucas160@example.com,iGCs4LArkj,2024-02-06 02:37:45.428337
Ana Almeida,ana172@example.com,8Zwh1e9heZ,2024-05-12 02:37:45.428337
Ana Pereira,ana723@example.com,0w6ShKOIBh,2023-08-08 02:37:45.428337
Lucas Almeida,lucas019@example.com,Y0c1jFaBRW,2023-02-22 02:37:45.428337
Julia Silva,julia583@example.com,C7wxhHuChm,2023-12-18 02:37:45.428337
Julia Oliveira,julia928@example.com,eoYwKGkcoE,2022-06-04 02:37:45.428337
Julia Lima,julia418@example.com,tbwWF6X5od,2024-04-26 02:37:45.428337
Ana Ferreira,ana628@example.com,ETIBNW6mNv,2024-07-05 02:37:45.428337
Sophia Carvalho,sophia543@example.com,fJDPxDRKx5,2024-01-11 02:37:45.428337
Lucas Souza,lucas473@example.com,7B3Lu6CS7D,2024-11-07 02:37:45.428337
Lucas Almeida,lucas961@example.com,FuXXmPfoto,2024-11-14 02:37:45.428337
Lucas Pereira,lucas707@example.com,7klKjwjsdT,2023-05-07 02:37:45.428337
Gabriel Souza,gabriel807@example.com,yoWSkFFNCi,2024-04-27 02:37:45.428337
Maria Costa,maria146@example.com,kSx6LlMKyh,2024-01-02 02:37:45.428337
Ana Almeida,ana419@example.com,oW5ms3u4Re,2024-07-15 02:37:45.428337
Clara Almeida,clara803@example.com,15o9Uofb3g,2022-12-26 02:37:45.428337
Maria Silva,maria106@example.com,pm7rViw8cX,2022-08-08 02:37:45.428337
Ana Almeida,ana300@example.com,HagZ6qAERc,2023-10-04 02:37:45.428337
Sophia Lima,sophia063@example.com,YweZziSjBo,2022-10-01 02:37:45.428337
